Từ khóa	Tổng số bài	Đã đăng	Đang lên lịch	Bản nháp
Mùa hè 2026	124	0	124	0
Sáng tạo	6	0	6	0
chạy roadshow	6	0	6	0
Indoor	6	1	4	1
Thành lập	4	0	4	0
Chi phí thấp	4	0	3	1
Trang trí	4	0	3	1
Team	4	0	3	1
Đặt phòng	3	0	3	0
tổ chức team bui	3	0	3	0
Đà Nẵng	3	0	3	0
Phía Nam	3	0	3	0
Vận động	3	0	3	0
Giải lao	3	0	3	0
Nhẹ nhàng	3	0	3	0
Movie Night	3	0	3	0
Giải trí	3	0	3	0
Long Hải	3	0	3	0
Gần SG	3	0	3	0
Bình Thuận	3	0	3	0
Đồi cát	3	0	3	0
Phan Thiết	3	0	3	0
Mũi Né	3	0	3	0
Engagement	3	0	3	0
Karaoke	3	0	3	0
Đêm nhạc	3	0	3	0
Nội bộ	3	0	3	0
Nha Trang	3	0	3	0
Ice Breaking	3	0	3	0
Workshop	3	0	3	0
Phá băng	3	0	3	0
Campfire	3	0	3	0
Gala	3	0	3	0
Theme	3	0	3	0
Ẩm thực	3	0	3	0
BBQ	3	0	3	0
Hải sản	3	0	3	0
Đố vui	3	0	3	0
Kiến thức	3	0	3	0
20/10	3	0	3	0
Board Game	3	0	3	0
doanh nghiệp	2	2	0	0
Outdoor	2	1	0	1
Picnic	2	0	2	0
tiệc cuối năm	1	1	0	0
gala dinner	1	1	0	0
teambuilding	1	1	0	0
gắn kết đội nhóm	1	1	0	0
Team Bonding	1	1	0	0
Hoạt động nhóm	1	1	0	0
Giá MC	1	1	0	0
Tiệc nhỏ	1	1	0	0
tổ chức sự kiện	1	0	0	1
Marketing	1	0	0	1
Resort	1	0	0	1
Phòng họp	1	0	0	1
8/3	1	0	1	0
Nam giới	1	0	1	0
Trò chơi dân gian	1	0	0	1
Văn hóa	1	0	0	1
Photo Booth	1	0	0	1
DIY	1	0	0	1
sự kiện đà nẵng	1	0	0	1
Cuộc thi	1	0	0	1
Trao giải	1	0	0	1
Nhân viên xuất sắc	1	0	0	1
Noel	1	0	1	0
Christmas	1	0	1	0
10 năm	1	0	1	0
Meeting	1	0	0	1
Không khí	1	0	0	1
Nhạc nền	1	0	0	1
Playlist	1	0	0	1
Backdrop	1	0	0	1
Thiết kế	1	0	0	1
